	{"errors":{},"id":9673648,"source_name":"IMF Cross Country Macroeconomic Statistics","source_code":"ODA","code":"FRA_LUR","name":"France Unemployment Rate, % of Total Labor Force","urlize_name":"France-Unemployment-Rate-of-Total-Labor-Force","display_url":"http://botswana.opendataforafrica.org/IMFWEO2013Oct/imf-world-economic-outlook-october-2013","description":"France Unemployment Rate, % of Total Labor Force.  Units: Percent of total labor force.  Multiplier: .  Estimates begin after 2013 .  This data is sourced from www.opendataforafrica.org where it is offered under an open data licence (www.opendataforafrica.org/legal/termsofuse).  Unemployment rate can be defined by either the national definition, the ILO harmonized definition, or the OECD harmonized definition. The OECD harmonized unemployment rate gives the number of unemployed persons as a percentage of the labor force (the total number of people employed plus unemployed). [OECD Main Economic Indicators, OECD, monthly] As defined by the International Labour Organization, unemployed workers are those who are currently not working but are willing and able to work for pay, currently available to work, and have actively searched for work. [ILO, http://www.ilo.org/public/english/bureau/stat/res/index.htm]  Source: National Statistical Office Latest actual data: 2013 Employment type: Harmonized ILO definition. Data prior to 1983 are not harmonized. Primary domestic currency: Euro Data last updated: 09/2014.","updated_at":"2015-04-21T14:41:00.226Z","frequency":"annual","from_date":"1980-12-31","to_date":"2019-12-31","column_names":["Date","Value"],"private":false,"type":null,"premium":false,"data":[["2019-12-31",9.257],["2018-12-31",9.342],["2017-12-31",9.597],["2016-12-31",9.859],["2015-12-31",10.038],["2014-12-31",9.972],["2013-12-31",10.258],["2012-12-31",9.792],["2011-12-31",9.2],["2010-12-31",9.275],["2009-12-31",9.092],["2008-12-31",7.483],["2007-12-31",8.008],["2006-12-31",8.858],["2005-12-31",8.9],["2004-12-31",8.9],["2003-12-31",8.558],["2002-12-31",8.642],["2001-12-31",8.758],["2000-12-31",9.525],["1999-12-31",11.317],["1998-12-31",12.05],["1997-12-31",12.35],["1996-12-31",12.4],["1995-12-31",11.958],["1994-12-31",12.275],["1993-12-31",11.85],["1992-12-31",10.642],["1991-12-31",9.6],["1990-12-31",9.375],["1989-12-31",9.65],["1988-12-31",10.075],["1987-12-31",10.633],["1986-12-31",10.575],["1985-12-31",10.417],["1984-12-31",10.067],["1983-12-31",8.758],["1982-12-31",8.069],["1981-12-31",7.438],["1980-12-31",6.349]]}
	
	